{
  "age": {
    "mean": 26.03205128205128,
    "std": 4.273006915502742
  },
  "g": {
    "mean": 34.81089743589744,
    "std": 19.341883853169023
  },
  "gs": {
    "mean": 16.192307692307693,
    "std": 20.81199893817894
  },
  "mp": {
    "mean": 19.46346153846154,
    "std": 9.726587057986867
  },
  "fg": {
    "mean": 3.2181714743589747,
    "std": 2.379640559696559
  },
  "fga": {
    "mean": 6.8828525641025635,
    "std": 4.936627515973611
  },
  "fg_pct": {
    "mean": 0.45218527243589746,
    "std": 0.12256193169531605
  },
  "fg_pct_1": {
    "mean": 464.0064102564103,
    "std": 133.40570936898445
  },
  "3p": {
    "mean": 0.9865384615384614,
    "std": 0.8643277021626915
  },
  "3pa": {
    "mean": 2.7572740384615386,
    "std": 2.2607724975060726
  },
  "3p_pct": {
    "mean": 0.31797685897435896,
    "std": 0.12856286967614222
  },
  "2p": {
    "mean": 2.2251602564102564,
    "std": 1.9131440527638204
  },
  "2pa": {
    "mean": 4.1052884615384615,
    "std": 3.4173652853789305
  },
  "2p_pct": {
    "mean": 0.49938461538461537,
    "std": 0.15934407664960004
  },
  "efg_pct": {
    "mean": 0.5227008974358974,
    "std": 0.1279435271950781
  },
  "ft": {
    "mean": 1.3715016025641025,
    "std": 1.440660538940027
  },
  "fta": {
    "mean": 1.7688749999999998,
    "std": 1.7450484446337269
  },
  "ft_pct": {
    "mean": 0.6949669711538462,
    "std": 0.21749958410502337
  },
  "orb": {
    "mean": 0.8309294871794872,
    "std": 0.7196120091729229
  },
  "drb": {
    "mean": 2.622275641025641,
    "std": 1.7973629047027515
  },
  "trb": {
    "mean": 3.459642628205128,
    "std": 2.3929848754792786
  },
  "ast": {
    "mean": 1.9633285256410251,
    "std": 1.8358658674906119
  },
  "stl": {
    "mean": 0.6069535256410256,
    "std": 0.4046150664604577
  },
  "blk": {
    "mean": 0.36550961538461535,
    "std": 0.3610927812936947
  },
  "tov": {
    "mean": 1.0612179487179487,
    "std": 0.8213901934733904
  },
  "pf": {
    "mean": 1.6947115384615385,
    "std": 0.8213814856661118
  },
  "pts": {
    "mean": 8.804772435897435,
    "std": 6.685186335895992
  }
}