confusion_matrix,accuracy,precision,recall,f1_score,auc_roc,best_threshold
"[[98  2]
 [ 5  6]]",0.9369369369369369,0.75,0.5454545454545454,0.631578947368421,0.8913636363636365,0.3
